{
    "root_group": {
        "name": "",
        "path": "",
        "id": "d41d8cd98f00b204e9800998ecf8427e",
        "groups": {},
        "checks": {
                "status 200": {
                    "passes": 1217,
                    "fails": 437,
                    "name": "status 200",
                    "path": "::status 200",
                    "id": "fad9fa412b86fcb03bee97c80dcd61f1"
                }
            }
    },
    "metrics": {
        "http_req_blocked": {
            "max": 0.885939,
            "p(90)": 0.0042617,
            "p(95)": 0.00491705,
            "avg": 0.008261774486094324,
            "min": 0.001469,
            "med": 0.0030265
        },
        "lat_por_perfil": {
            "p(95)": 2099.6192581,
            "avg": 1092.1616078736424,
            "min": 5.068311,
            "med": 901.5255695000001,
            "max": 3100.823563,
            "p(90)": 2095.8659823000003
        },
        "http_req_failed": {
            "passes": 437,
            "fails": 1217,
            "thresholds": {
                "rate<0.05": true
            },
            "value": 0.2642079806529625
        },
        "http_req_connecting": {
            "max": 0.182662,
            "p(90)": 0,
            "p(95)": 0,
            "avg": 0.0013364268440145103,
            "min": 0,
            "med": 0
        },
        "http_req_tls_handshaking": {
            "min": 0,
            "med": 0,
            "max": 0,
            "p(90)": 0,
            "p(95)": 0,
            "avg": 0
        },
        "erros_negocio": {
            "passes": 437,
            "fails": 1217,
            "value": 0.2642079806529625
        },
        "http_reqs": {
            "count": 1654,
            "rate": 9.11392224053734
        },
        "http_req_duration": {
            "avg": 1092.1616078736424,
            "min": 5.068311,
            "med": 901.5255695000001,
            "max": 3100.823563,
            "p(90)": 2095.8659823000003,
            "p(95)": 2099.6192581,
            "thresholds": {
                "p(95)<2000": true
            }
        },
        "vus": {
            "min": 6,
            "max": 10,
            "value": 6
        },
        "checks": {
            "fails": 437,
            "passes": 1217,
            "value": 0.7357920193470375
        },
        "data_received": {
            "count": 9854696,
            "rate": 54301.65238702198
        },
        "iterations": {
            "count": 1654,
            "rate": 9.11392224053734
        },
        "http_req_duration{expected_response:true}": {
            "min": 5.068311,
            "med": 684.766362,
            "max": 2099.728418,
            "p(90)": 1401.1588133999999,
            "p(95)": 1690.0321296,
            "avg": 747.3339802004923
        },
        "http_req_receiving": {
            "p(90)": 0.1283008,
            "p(95)": 0.14188584999999998,
            "avg": 0.08933556348246666,
            "min": 0.024762,
            "med": 0.08011499999999999,
            "max": 0.938078
        },
        "iteration_duration": {
            "p(95)": 2100.04364735,
            "avg": 1094.2432273446184,
            "min": 5.223661,
            "med": 901.862216,
            "max": 3101.838887,
            "p(90)": 2096.9848017
        },
        "http_req_sending": {
            "p(90)": 0.0379569,
            "p(95)": 0.04153609999999998,
            "avg": 0.024572004232164445,
            "min": 0.005286,
            "med": 0.0208245,
            "max": 0.481798
        },
        "http_req_waiting": {
            "p(90)": 2095.7783868,
            "p(95)": 2099.52004815,
            "avg": 1092.0477003059254,
            "min": 4.972787,
            "med": 901.382626,
            "max": 3100.703865
        },
        "vus_max": {
            "value": 10,
            "min": 10,
            "max": 10
        },
        "data_sent": {
            "count": 2027662,
            "rate": 11172.88621408248
        }
    }
}