{
    "root_group": {
        "name": "",
        "path": "",
        "id": "d41d8cd98f00b204e9800998ecf8427e",
        "groups": {},
        "checks": {
                "status 200": {
                    "fails": 300,
                    "name": "status 200",
                    "path": "::status 200",
                    "id": "fad9fa412b86fcb03bee97c80dcd61f1",
                    "passes": 0
                }
            }
    },
    "metrics": {
        "http_req_failed": {
            "passes": 300,
            "fails": 0,
            "thresholds": {
                "rate<0.05": true
            },
            "value": 1
        },
        "http_req_tls_handshaking": {
            "med": 0,
            "max": 0,
            "p(90)": 0,
            "p(95)": 0,
            "avg": 0,
            "min": 0
        },
        "iterations": {
            "count": 300,
            "rate": 2.757600800013789
        },
        "http_req_receiving": {
            "p(90)": 0,
            "p(95)": 0,
            "avg": 0,
            "min": 0,
            "med": 0,
            "max": 0
        },
        "http_req_blocked": {
            "p(95)": 0.6597627000000007,
            "avg": 0.1783583466666666,
            "min": 0.025646,
            "med": 0.1060005,
            "max": 1.309801,
            "p(90)": 0.31075590000000003
        },
        "data_sent": {
            "count": 490459,
            "rate": 4508.30043591321
        },
        "erros_negocio": {
            "passes": 0,
            "fails": 300,
            "value": 0
        },
        "iteration_duration": {
            "p(90)": 30007.9492053,
            "p(95)": 30008.664156400002,
            "avg": 30004.186447400003,
            "min": 30000.887733,
            "med": 30003.414043,
            "max": 30009.777215
        },
        "http_req_duration": {
            "avg": 29950.78964487335,
            "min": 29943.463161,
            "med": 29951.350822,
            "max": 29959.485395,
            "p(90)": 29957.7122825,
            "p(95)": 29958.2861576,
            "thresholds": {
                "p(95)<2000": true
            }
        },
        "http_req_sending": {
            "avg": 0.054352433333333325,
            "min": 0.005534,
            "med": 0.0273005,
            "max": 1.044872,
            "p(90)": 0.09137060000000005,
            "p(95)": 0.16797675000000023
        },
        "checks": {
            "passes": 0,
            "fails": 300,
            "value": 0
        },
        "vus_max": {
            "value": 100,
            "min": 100,
            "max": 100
        },
        "vus": {
            "value": 100,
            "min": 100,
            "max": 100
        },
        "http_reqs": {
            "count": 300,
            "rate": 2.757600800013789
        },
        "data_received": {
            "count": 0,
            "rate": 0
        },
        "lat_por_perfil": {
            "p(90)": 29957.7122825,
            "p(95)": 29958.2861576,
            "avg": 29950.789644873366,
            "min": 29943.463161,
            "med": 29951.350822,
            "max": 29959.485395
        },
        "http_req_waiting": {
            "avg": 29950.735292439982,
            "min": 29943.417303,
            "med": 29951.315227,
            "max": 29959.467979,
            "p(90)": 29957.6664371,
            "p(95)": 29958.23363175
        },
        "http_req_connecting": {
            "avg": 0.10025026333333331,
            "min": 0.016118,
            "med": 0.0678835,
            "max": 0.623337,
            "p(90)": 0.1947709,
            "p(95)": 0.27050350000000006
        }
    }
}