{
    "root_group": {
        "checks": {
            "status 200": {
                "name": "status 200",
                "path": "::status 200",
                "id": "fad9fa412b86fcb03bee97c80dcd61f1",
                "passes": 54,
                "fails": 15981
            }
        },
        "name": "",
        "path": "",
        "id": "d41d8cd98f00b204e9800998ecf8427e",
        "groups": {}
    },
    "metrics": {
        "http_reqs": {
            "rate": 78.68211917581743,
            "count": 16035
        },
        "lat_por_perfil": {
            "min": 2.251638,
            "med": 92.076453,
            "max": 59906.154573,
            "p(90)": 109.7419364,
            "p(95)": 2004.7876989,
            "avg": 635.0703273434356
        },
        "vus": {
            "value": 49,
            "min": 49,
            "max": 50
        },
        "data_sent": {
            "count": 19667962,
            "rate": 96508.69535574983
        },
        "data_received": {
            "count": 5849080,
            "rate": 28700.8425088176
        },
        "http_req_failed": {
            "passes": 15981,
            "fails": 54,
            "thresholds": {
                "rate<0.05": true
            },
            "value": 0.9966323666978485
        },
        "vus_max": {
            "value": 50,
            "min": 50,
            "max": 50
        },
        "http_req_receiving": {
            "avg": 0.06358494144059881,
            "min": 0,
            "med": 0.041704,
            "max": 4.553654,
            "p(90)": 0.09146680000000001,
            "p(95)": 0.1564270999999997
        },
        "http_req_sending": {
            "avg": 0.47285818609292196,
            "min": 0.00313,
            "med": 0.017013,
            "max": 1006.015545,
            "p(90)": 0.0456552,
            "p(95)": 0.07487569999999999
        },
        "erros_negocio": {
            "passes": 15681,
            "fails": 354,
            "value": 0.9779232927970065
        },
        "http_req_tls_handshaking": {
            "avg": 0,
            "min": 0,
            "med": 0,
            "max": 0,
            "p(90)": 0,
            "p(95)": 0
        },
        "iteration_duration": {
            "p(90)": 110.02801620000001,
            "p(95)": 2005.7853019999998,
            "avg": 636.4991506439045,
            "min": 2.320923,
            "med": 92.464076,
            "max": 60001.304452
        },
        "http_req_duration": {
            "avg": 635.0703273434357,
            "min": 2.251638,
            "med": 92.076453,
            "max": 59906.154573,
            "p(90)": 109.7419364,
            "p(95)": 2004.7876989,
            "thresholds": {
                "p(95)<2000": true
            }
        },
        "http_req_connecting": {
            "avg": 0.11134596663548522,
            "min": 0,
            "med": 0.062529,
            "max": 4.306004,
            "p(90)": 0.24615060000000008,
            "p(95)": 0.39416249999999997
        },
        "iterations": {
            "count": 16035,
            "rate": 78.68211917581743
        },
        "http_req_duration{expected_response:true}": {
            "max": 2137.545865,
            "p(90)": 1913.6902071000002,
            "p(95)": 1979.1169339999994,
            "avg": 534.6159460185185,
            "min": 14.262429,
            "med": 216.451437
        },
        "http_req_blocked": {
            "max": 7.960271,
            "p(90)": 0.3022428000000001,
            "p(95)": 0.46725909999999954,
            "avg": 0.14733953426878657,
            "min": 0.000689,
            "med": 0.093172
        },
        "http_req_waiting": {
            "min": 2.209884,
            "med": 91.963439,
            "max": 59906.135118,
            "p(90)": 109.54684120000003,
            "p(95)": 2004.6982241,
            "avg": 634.5338842159026
        },
        "checks": {
            "passes": 54,
            "fails": 15981,
            "value": 0.0033676333021515435
        }
    }
}