{
    "root_group": {
        "checks": {
            "status 200": {
                "fails": 4028,
                "name": "status 200",
                "path": "::status 200",
                "id": "fad9fa412b86fcb03bee97c80dcd61f1",
                "passes": 187
            }
        },
        "name": "",
        "path": "",
        "id": "d41d8cd98f00b204e9800998ecf8427e",
        "groups": {}
    },
    "metrics": {
        "data_received": {
            "count": 2786102,
            "rate": 13211.44697742052
        },
        "iteration_duration": {
            "avg": 3637.2185645186273,
            "min": 58.443418,
            "med": 2525.389308,
            "max": 17087.008252,
            "p(90)": 6489.926918799996,
            "p(95)": 9865.197976499994
        },
        "http_req_blocked": {
            "avg": 2.7737093750889747,
            "min": 0.001286,
            "med": 0.005522,
            "max": 388.813671,
            "p(90)": 4.1065556,
            "p(95)": 9.108486799999984
        },
        "http_req_sending": {
            "min": 0.005265,
            "med": 1.165411,
            "max": 535.28986,
            "p(90)": 17.348928799999992,
            "p(95)": 31.009710199999972,
            "avg": 7.023751315776961
        },
        "http_reqs": {
            "count": 4215,
            "rate": 19.987153740181622
        },
        "http_req_duration{expected_response:true}": {
            "med": 618.903201,
            "max": 1992.517992,
            "p(90)": 1396.9448670000002,
            "p(95)": 1648.0819958,
            "avg": 672.9223821443849,
            "min": 57.799583
        },
        "http_req_tls_handshaking": {
            "p(90)": 0,
            "p(95)": 0,
            "avg": 0,
            "min": 0,
            "med": 0,
            "max": 0
        },
        "http_req_receiving": {
            "avg": 31.52771323724791,
            "min": 0.012564,
            "med": 6.141633,
            "max": 1229.037855,
            "p(90)": 73.06315279999998,
            "p(95)": 115.59080369999987
        },
        "http_req_connecting": {
            "avg": 0.003622530723606168,
            "min": 0,
            "med": 0,
            "max": 0.69486,
            "p(90)": 0,
            "p(95)": 0
        },
        "vus_max": {
            "value": 100,
            "min": 100,
            "max": 100
        },
        "iterations": {
            "count": 4215,
            "rate": 19.987153740181622
        },
        "http_req_failed": {
            "passes": 4028,
            "fails": 187,
            "thresholds": {
                "rate<0.05": true
            },
            "value": 0.9556346381969157
        },
        "erros_negocio": {
            "passes": 4028,
            "fails": 187,
            "value": 0.9556346381969157
        },
        "data_sent": {
            "count": 5289816,
            "rate": 25083.835266731337
        },
        "lat_por_perfil": {
            "avg": 3496.2089354365394,
            "min": 57.799583,
            "med": 2390.548371,
            "max": 16829.77178,
            "p(90)": 6234.390614999999,
            "p(95)": 9495.165512499992
        },
        "checks": {
            "passes": 187,
            "fails": 4028,
            "value": 0.04436536180308422
        },
        "vus": {
            "value": 0,
            "min": 0,
            "max": 100
        },
        "http_req_duration": {
            "avg": 3496.2089354365385,
            "min": 57.799583,
            "med": 2390.548371,
            "max": 16829.77178,
            "p(90)": 6234.390614999999,
            "p(95)": 9495.165512499992,
            "thresholds": {
                "p(95)<2000": true
            }
        },
        "http_req_waiting": {
            "p(90)": 6178.586516399999,
            "p(95)": 9395.062182799991,
            "avg": 3457.657470883513,
            "min": 57.190982,
            "med": 2365.763834,
            "max": 16752.885916
        }
    }
}