{
    "metrics": {
        "vus_max": {
            "max": 10,
            "value": 10,
            "min": 10
        },
        "http_req_duration": {
            "p(90)": 1826.8000591,
            "p(95)": 1940.3579078499995,
            "avg": 451.73504250456705,
            "min": -11.132121,
            "med": 47.66487,
            "max": 2512.619954,
            "thresholds": {
                "p(95)<2000": false
            }
        },
        "checks": {
            "passes": 3833,
            "fails": 109,
            "value": 0.9723490613901573
        },
        "http_req_sending": {
            "min": 0.004581,
            "med": 0.0369745,
            "max": 52.43488,
            "p(90)": 0.5843345000000001,
            "p(95)": 0.8985631999999997,
            "avg": 0.28302738711314035
        },
        "data_sent": {
            "count": 4832845,
            "rate": 26802.99532684502
        },
        "http_req_blocked": {
            "med": 0.0045575,
            "max": 83.521103,
            "p(90)": 0.1660259000000001,
            "p(95)": 0.4147807499999996,
            "avg": 0.2324952628107557,
            "min": 0.000884
        },
        "vus": {
            "max": 10,
            "value": 10,
            "min": 10
        },
        "http_req_duration{expected_response:true}": {
            "p(95)": 1890.7828948,
            "avg": 406.0384778429435,
            "min": -11.132121,
            "med": 42.407779,
            "max": 2287.275268,
            "p(90)": 1796.0640296
        },
        "http_req_tls_handshaking": {
            "avg": 0,
            "min": 0,
            "med": 0,
            "max": 0,
            "p(90)": 0,
            "p(95)": 0
        },
        "lat_por_perfil": {
            "avg": 451.73504250456705,
            "min": -11.132121,
            "med": 47.66487,
            "max": 2512.619954,
            "p(90)": 1826.8000591,
            "p(95)": 1940.3579078499995
        },
        "http_req_failed": {
            "passes": 109,
            "fails": 3833,
            "thresholds": {
                "rate<0.05": false
            },
            "value": 0.027650938609842718
        },
        "http_req_connecting": {
            "min": 0,
            "med": 0,
            "max": 10.923201,
            "p(90)": 0,
            "p(95)": 0,
            "avg": 0.021332190766108573
        },
        "iterations": {
            "count": 3942,
            "rate": 21.862362144538686
        },
        "http_reqs": {
            "count": 3942,
            "rate": 21.862362144538686
        },
        "http_req_waiting": {
            "p(95)": 1936.0939333,
            "avg": 448.62745584271886,
            "min": 5.739258,
            "med": 44.1661455,
            "max": 2440.287658,
            "p(90)": 1823.2547734
        },
        "http_req_receiving": {
            "p(95)": 8.235303049999981,
            "avg": 2.8245592747336374,
            "min": -20.511757,
            "med": 0.8554705,
            "max": 278.12928,
            "p(90)": 4.247474599999999
        },
        "iteration_duration": {
            "p(95)": 1968.3648439999997,
            "avg": 458.01771516057926,
            "min": 6.780981,
            "med": 52.1261045,
            "max": 2710.36458,
            "p(90)": 1837.9433717
        },
        "erros_negocio": {
            "passes": 109,
            "fails": 3833,
            "value": 0.027650938609842718
        },
        "data_received": {
            "rate": 141702.93562463394,
            "count": 25550440
        }
    },
    "root_group": {
        "name": "",
        "path": "",
        "id": "d41d8cd98f00b204e9800998ecf8427e",
        "groups": {},
        "checks": {
                "status 200": {
                    "passes": 3833,
                    "fails": 109,
                    "name": "status 200",
                    "path": "::status 200",
                    "id": "fad9fa412b86fcb03bee97c80dcd61f1"
                }
            }
    }
}