{
    "metrics": {
        "iterations": {
            "count": 3384,
            "rate": 18.321414048841735
        },
        "http_reqs": {
            "count": 3384,
            "rate": 18.321414048841735
        },
        "iteration_duration": {
            "avg": 2720.6593796468683,
            "min": 38.879443,
            "med": 2356.5216389999996,
            "max": 12377.583124,
            "p(90)": 3867.9345832000004,
            "p(95)": 5442.93377965
        },
        "http_req_blocked": {
            "avg": 1.3654109471040194,
            "min": 0.001812,
            "med": 0.006167499999999999,
            "max": 410.579383,
            "p(90)": 2.4628623999999997,
            "p(95)": 5.19529005
        },
        "http_req_sending": {
            "avg": 4.456661896572109,
            "min": 0.006128,
            "med": 1.4352215,
            "max": 406.875039,
            "p(90)": 10.703134,
            "p(95)": 17.246729249999994
        },
        "http_req_waiting": {
            "p(95)": 4941.77992145,
            "avg": 2602.4365255995895,
            "min": 33.700401,
            "med": 2260.41371,
            "max": 12120.81643,
            "p(90)": 3689.351811400001
        },
        "vus": {
            "value": 43,
            "min": 43,
            "max": 50
        },
        "vus_max": {
            "value": 50,
            "min": 50,
            "max": 50
        },
        "http_req_duration": {
            "p(90)": 3723.2403127000002,
            "p(95)": 5009.15016035,
            "avg": 2629.4904043900724,
            "min": 37.126978,
            "med": 2289.153386,
            "max": 12148.77607,
            "thresholds": {
                "p(95)<2000": true
            }
        },
        "data_sent": {
            "count": 4148529,
            "rate": 22460.673020870967
        },
        "http_req_duration{expected_response:true}": {
            "avg": 1275.708280925403,
            "min": 37.126978,
            "med": 1125.439167,
            "max": 12148.77607,
            "p(90)": 2211.8505855000003,
            "p(95)": 2684.35347675
        },
        "checks": {
            "fails": 2888,
            "passes": 496,
            "value": 0.14657210401891252
        },
        "http_req_connecting": {
            "p(95)": 0,
            "avg": 0.0015697021276595742,
            "min": 0,
            "med": 0,
            "max": 0.63568,
            "p(90)": 0
        },
        "http_req_tls_handshaking": {
            "avg": 0,
            "min": 0,
            "med": 0,
            "max": 0,
            "p(90)": 0,
            "p(95)": 0
        },
        "http_req_receiving": {
            "p(90)": 56.76751480000003,
            "p(95)": 75.59172389999998,
            "avg": 22.597216893912577,
            "min": 0.021718,
            "med": 12.567604,
            "max": 292.827503
        },
        "http_req_failed": {
            "passes": 2888,
            "fails": 496,
            "thresholds": {
                "rate<0.05": true
            },
            "value": 0.8534278959810875
        },
        "data_received": {
            "rate": 26630.38105691045,
            "count": 4918682
        },
        "erros_negocio": {
            "passes": 2888,
            "fails": 496,
            "value": 0.8534278959810875
        },
        "lat_por_perfil": {
            "avg": 2629.490404390073,
            "min": 37.126978,
            "med": 2289.153386,
            "max": 12148.77607,
            "p(90)": 3723.2403127000002,
            "p(95)": 5009.15016035
        }
    },
    "root_group": {
        "name": "",
        "path": "",
        "id": "d41d8cd98f00b204e9800998ecf8427e",
        "groups": {},
        "checks": {
                "status 200": {
                    "name": "status 200",
                    "path": "::status 200",
                    "id": "fad9fa412b86fcb03bee97c80dcd61f1",
                    "passes": 496,
                    "fails": 2888
                }
            }
    }
}