{
    "metrics": {
        "iteration_duration": {
            "min": 11.104187,
            "med": 2007.3322155,
            "max": 5194.856523,
            "p(90)": 2097.8867749,
            "p(95)": 2128.98536995,
            "avg": 1425.8944305826758
        },
        "http_req_waiting": {
            "p(90)": 2093.9508674,
            "p(95)": 2111.3737585999997,
            "avg": 1418.672253470868,
            "min": 5.975104,
            "med": 2004.820012,
            "max": 5191.676567
        },
        "lat_por_perfil": {
            "min": 6.520844,
            "med": 2005.028198,
            "max": 5191.8191,
            "p(90)": 2094.3573813,
            "p(95)": 2112.8373459,
            "avg": 1419.8648224574804
        },
        "http_req_duration": {
            "p(95)": 2112.8373459,
            "avg": 1419.8648224574804,
            "min": 6.520844,
            "med": 2005.028198,
            "max": 5191.8191,
            "p(90)": 2094.3573813,
            "thresholds": {
                "p(95)<2000": true
            }
        },
        "http_req_tls_handshaking": {
            "p(95)": 0,
            "avg": 0,
            "min": 0,
            "med": 0,
            "max": 0,
            "p(90)": 0
        },
        "data_received": {
            "count": 4181293,
            "rate": 23039.572423569112
        },
        "http_req_sending": {
            "avg": 0.1779314866141732,
            "min": 0.004932,
            "med": 0.0351145,
            "max": 7.404122,
            "p(90)": 0.4204565000000001,
            "p(95)": 0.6983108499999998
        },
        "http_req_duration{expected_response:true}": {
            "min": 10.560912,
            "med": 101.671205,
            "max": 4443.481637,
            "p(90)": 1279.4093616,
            "p(95)": 1713.1062069999998,
            "avg": 420.3804318103094
        },
        "http_req_failed": {
            "passes": 785,
            "fails": 485,
            "thresholds": {
                "rate<0.05": true
            },
            "value": 0.6181102362204725
        },
        "http_req_blocked": {
            "p(90)": 0.007773600000000004,
            "p(95)": 0.23602429999999996,
            "avg": 0.21925122440944864,
            "min": 0.00172,
            "med": 0.004317,
            "max": 67.239386
        },
        "data_sent": {
            "count": 1557288,
            "rate": 8580.898219846133
        },
        "http_req_connecting": {
            "avg": 0.02003376220472441,
            "min": 0,
            "med": 0,
            "max": 3.389344,
            "p(90)": 0,
            "p(95)": 0
        },
        "http_req_receiving": {
            "avg": 1.0146375000000003,
            "min": 0.022799,
            "med": 0.27671999999999997,
            "max": 72.662501,
            "p(90)": 2.0904659000000003,
            "p(95)": 3.614884949999996
        },
        "checks": {
            "passes": 485,
            "fails": 785,
            "value": 0.38188976377952755
        },
        "erros_negocio": {
            "passes": 785,
            "fails": 485,
            "value": 0.6181102362204725
        },
        "http_reqs": {
            "rate": 6.997896817547293,
            "count": 1270
        },
        "iterations": {
            "count": 1270,
            "rate": 6.997896817547293
        },
        "vus": {
            "value": 5,
            "min": 5,
            "max": 10
        },
        "vus_max": {
            "value": 10,
            "min": 10,
            "max": 10
        }
    },
    "root_group": {
        "id": "d41d8cd98f00b204e9800998ecf8427e",
        "groups": {},
        "checks": {
                "status 200": {
                    "name": "status 200",
                    "path": "::status 200",
                    "id": "fad9fa412b86fcb03bee97c80dcd61f1",
                    "passes": 485,
                    "fails": 785
                }
            },
        "name": "",
        "path": ""
    }
}