{
    "metrics": {
        "http_req_sending": {
            "med": 0.012097,
            "max": 2.931163,
            "p(90)": 0.0334814,
            "p(95)": 0.03959339999999999,
            "avg": 0.019502516606892246,
            "min": 0.003345
        },
        "iterations": {
            "rate": 35.36470871838829,
            "count": 6413
        },
        "data_sent": {
            "count": 7862865,
            "rate": 43360.0390483409
        },
        "http_req_failed": {
            "passes": 2466,
            "fails": 3947,
            "thresholds": {
                "rate<0.05": true
            },
            "value": 0.38453142055200373
        },
        "http_req_duration{expected_response:true}": {
            "min": 4.296421,
            "med": 911.387547,
            "max": 2106.734416,
            "p(90)": 1796.7296482,
            "p(95)": 1902.2995639,
            "avg": 1003.689381201924
        },
        "http_req_connecting": {
            "p(90)": 0,
            "p(95)": 0,
            "avg": 0.0050520792140963675,
            "min": 0,
            "med": 0,
            "max": 1.537885
        },
        "http_reqs": {
            "count": 6413,
            "rate": 35.36470871838829
        },
        "vus": {
            "min": 11,
            "max": 50,
            "value": 11
        },
        "http_req_blocked": {
            "min": 0.000658,
            "med": 0.002919,
            "max": 2.813639,
            "p(90)": 0.00457,
            "p(95)": 0.005486799999999999,
            "avg": 0.013030449399656925
        },
        "http_req_duration": {
            "avg": 1404.5752534361493,
            "min": 4.296421,
            "med": 1597.438251,
            "max": 2424.428576,
            "p(90)": 2093.5843028,
            "p(95)": 2097.1425679999998,
            "thresholds": {
                "p(95)<2000": true
            }
        },
        "http_req_receiving": {
            "max": 7.026771,
            "p(90)": 0.1158728,
            "p(95)": 0.14791519999999997,
            "avg": 0.08564651021362876,
            "min": 0.011811,
            "med": 0.062683
        },
        "checks": {
            "fails": 2466,
            "passes": 3947,
            "value": 0.6154685794479963
        },
        "iteration_duration": {
            "avg": 1408.4005212075456,
            "min": 4.421178,
            "med": 1597.768094,
            "max": 2424.558279,
            "p(90)": 2094.2996124,
            "p(95)": 2097.7171084
        },
        "erros_negocio": {
            "passes": 2466,
            "fails": 3947,
            "value": 0.38453142055200373
        },
        "lat_por_perfil": {
            "med": 1597.438251,
            "max": 2424.428576,
            "p(90)": 2093.5843028,
            "p(95)": 2097.1425679999998,
            "avg": 1404.5752534361493,
            "min": 4.296421
        },
        "data_received": {
            "count": 30479432,
            "rate": 168079.87440853316
        },
        "vus_max": {
            "value": 50,
            "min": 50,
            "max": 50
        },
        "http_req_waiting": {
            "p(95)": 2097.080475,
            "avg": 1404.4701044093263,
            "min": 4.24187,
            "med": 1597.025188,
            "max": 2424.34159,
            "p(90)": 2093.4816567999997
        },
        "http_req_tls_handshaking": {
            "med": 0,
            "max": 0,
            "p(90)": 0,
            "p(95)": 0,
            "avg": 0,
            "min": 0
        }
    },
    "root_group": {
        "name": "",
        "path": "",
        "id": "d41d8cd98f00b204e9800998ecf8427e",
        "groups": {},
        "checks": {
                "status 200": {
                    "name": "status 200",
                    "path": "::status 200",
                    "id": "fad9fa412b86fcb03bee97c80dcd61f1",
                    "passes": 3947,
                    "fails": 2466
                }
            }
    }
}