{
    "metrics": {
        "data_sent": {
            "rate": 40740.3155279711,
            "count": 7332659
        },
        "iterations": {
            "count": 5981,
            "rate": 33.230486672405625
        },
        "http_req_receiving": {
            "p(95)": 0.152655,
            "avg": 0.09414911335897011,
            "min": 0.014432,
            "med": 0.078037,
            "max": 5.712445,
            "p(90)": 0.130551
        },
        "http_req_sending": {
            "p(90)": 0.036481,
            "p(95)": 0.039968,
            "avg": 0.0197740078582177,
            "min": 0.003656,
            "med": 0.012809,
            "max": 3.831778
        },
        "http_req_connecting": {
            "avg": 0.002633301956194616,
            "min": 0,
            "med": 0,
            "max": 1.487862,
            "p(90)": 0,
            "p(95)": 0
        },
        "iteration_duration": {
            "avg": 301.3325294301968,
            "min": 3.604568,
            "med": 91.317475,
            "max": 5695.915237,
            "p(90)": 1093.810825,
            "p(95)": 1195.200183
        },
        "http_req_duration": {
            "avg": 300.4222368625642,
            "min": 0.119575,
            "med": 91.035434,
            "max": 5626.76007,
            "p(90)": 1092.461038,
            "p(95)": 1194.456233,
            "thresholds": {
                "p(95)<2000": false
            }
        },
        "http_reqs": {
            "count": 5981,
            "rate": 33.230486672405625
        },
        "erros_negocio": {
            "passes": 14,
            "fails": 5967,
            "value": 0.002340745694699883
        },
        "http_req_duration{expected_response:true}": {
            "avg": 294.0139658029153,
            "min": 0.119575,
            "med": 91.007405,
            "max": 3983.790732,
            "p(90)": 1091.5781698,
            "p(95)": 1191.8205830999998
        },
        "lat_por_perfil": {
            "min": 0.119575,
            "med": 91.035434,
            "max": 5626.76007,
            "p(90)": 1092.461038,
            "p(95)": 1194.456233,
            "avg": 300.4222368625642
        },
        "vus": {
            "value": 10,
            "min": 10,
            "max": 10
        },
        "http_req_tls_handshaking": {
            "avg": 0,
            "min": 0,
            "med": 0,
            "max": 0,
            "p(90)": 0,
            "p(95)": 0
        },
        "data_received": {
            "count": 38815764,
            "rate": 215660.71364006723
        },
        "http_req_blocked": {
            "p(90)": 0.004776,
            "p(95)": 0.005538,
            "avg": 0.012722692526333408,
            "min": 0.000844,
            "med": 0.003071,
            "max": 4.233191
        },
        "http_req_waiting": {
            "p(95)": 1194.191366,
            "avg": 300.308313741348,
            "min": 0,
            "med": 90.919211,
            "max": 5626.564684,
            "p(90)": 1092.364349
        },
        "http_req_failed": {
            "passes": 14,
            "fails": 5967,
            "thresholds": {
                "rate<0.05": false
            },
            "value": 0.002340745694699883
        },
        "vus_max": {
            "value": 10,
            "min": 10,
            "max": 10
        },
        "checks": {
            "passes": 5967,
            "fails": 14,
            "value": 0.9976592543053001
        }
    },
    "root_group": {
        "groups": {},
        "checks": {
                "status 200": {
                    "path": "::status 200",
                    "id": "fad9fa412b86fcb03bee97c80dcd61f1",
                    "passes": 5967,
                    "fails": 14,
                    "name": "status 200"
                }
            },
        "name": "",
        "path": "",
        "id": "d41d8cd98f00b204e9800998ecf8427e"
    }
}