{
    "root_group": {
        "checks": {
            "status 200": {
                "path": "::status 200",
                "id": "fad9fa412b86fcb03bee97c80dcd61f1",
                "passes": 330,
                "fails": 7415,
                "name": "status 200"
            }
        },
        "name": "",
        "path": "",
        "id": "d41d8cd98f00b204e9800998ecf8427e",
        "groups": {}
    },
    "metrics": {
        "iterations": {
            "count": 7745,
            "rate": 50.05704952653066
        },
        "http_reqs": {
            "count": 7745,
            "rate": 50.05704952653066
        },
        "checks": {
            "passes": 330,
            "fails": 7415,
            "value": 0.04260813428018076
        },
        "http_req_duration{expected_response:true}": {
            "avg": 625.9742381727277,
            "min": 4.230301,
            "med": 103.55968949999999,
            "max": 2093.321488,
            "p(90)": 1694.3781794000001,
            "p(95)": 1779.5701375
        },
        "http_req_failed": {
            "passes": 7415,
            "fails": 330,
            "thresholds": {
                "rate<0.05": true
            },
            "value": 0.9573918657198193
        },
        "http_req_receiving": {
            "max": 4.652438,
            "p(90)": 0.0896406,
            "p(95)": 0.11208559999999973,
            "avg": 0.061994257456423396,
            "min": 0.007851,
            "med": 0.045762
        },
        "data_sent": {
            "count": 9618095,
            "rate": 62163.132054987334
        },
        "iteration_duration": {
            "avg": 1987.266042072563,
            "min": 4.378493,
            "med": 2018.262946,
            "max": 2192.813791,
            "p(90)": 2098.4986010000002,
            "p(95)": 2101.0521518
        },
        "erros_negocio": {
            "fails": 330,
            "passes": 7415,
            "value": 0.9573918657198193
        },
        "lat_por_perfil": {
            "p(95)": 2100.6231095999997,
            "avg": 1982.0376803183983,
            "min": 4.230301,
            "med": 2016.440878,
            "max": 2192.681974,
            "p(90)": 2097.9070624
        },
        "data_received": {
            "count": 4923805,
            "rate": 31823.26026390953
        },
        "vus": {
            "value": 100,
            "min": 100,
            "max": 100
        },
        "http_req_waiting": {
            "max": 2192.656204,
            "p(90)": 2097.8446632,
            "p(95)": 2100.54997,
            "avg": 1981.9504355883785,
            "min": 4.126674,
            "med": 2016.354068
        },
        "http_req_blocked": {
            "p(95)": 0.005019999999999997,
            "avg": 0.014617342414460938,
            "min": 0.000543,
            "med": 0.002602,
            "max": 4.929231,
            "p(90)": 0.004237800000000001
        },
        "http_req_sending": {
            "max": 4.881478,
            "p(90)": 0.032753800000000007,
            "p(95)": 0.038546199999999996,
            "avg": 0.02525047256294383,
            "min": 0.002961,
            "med": 0.010241
        },
        "http_req_connecting": {
            "avg": 0.0052930897353131055,
            "min": 0,
            "med": 0,
            "max": 2.653003,
            "p(90)": 0,
            "p(95)": 0
        },
        "http_req_tls_handshaking": {
            "avg": 0,
            "min": 0,
            "med": 0,
            "max": 0,
            "p(90)": 0,
            "p(95)": 0
        },
        "vus_max": {
            "max": 100,
            "value": 100,
            "min": 100
        },
        "http_req_duration": {
            "avg": 1982.0376803183983,
            "min": 4.230301,
            "med": 2016.440878,
            "max": 2192.681974,
            "p(90)": 2097.9070624,
            "p(95)": 2100.6231095999997,
            "thresholds": {
                "p(95)<2000": true
            }
        }
    }
}